,value
2025-01-02,24300.0
2025-01-03,24074.665524168242
2025-01-06,24060.914805227374
2025-01-07,24015.256777472867
2025-01-08,24270.787557148196
2025-01-09,24001.396379483034
2025-01-10,24188.757826279078
2025-01-13,24209.749768663456
2025-01-14,24335.32276049833
2025-01-15,24189.19869875898
2025-01-16,24289.307410072342
2025-01-17,24267.758736461903
2025-01-20,24129.642956989584
2025-01-21,23942.086074628234
2025-01-22,23832.31272405713
2025-01-23,23639.605217202377
2025-01-24,23570.050750272916
2025-01-27,23502.76689896427
2025-01-28,23422.870673010606
2025-01-29,23405.30018661293
2025-01-30,23753.421646903545
2025-01-31,23495.68186992633
2025-02-03,23915.88489583134
2025-02-04,23399.097814937828
2025-02-05,23329.66852385302
2025-02-06,23409.04327019669
2025-02-07,23384.230410424156
2025-02-10,23345.753801309897
2025-02-11,23337.25507726741
2025-02-12,23192.26167872388
2025-02-13,23066.543639343487
2025-02-14,23444.792980729402
2025-02-17,23497.32880867708
2025-02-18,23300.280372746667
2025-02-19,23545.617449016652
2025-02-20,23500.29878104005
2025-02-21,23768.975549346338
2025-02-24,23715.679958395292
2025-02-25,23459.414542393602
2025-02-26,23452.3873257618
2025-02-27,23780.844382223422
2025-02-28,23874.66492104173
2025-03-03,23774.51343720319
2025-03-04,23723.404035741903
2025-03-05,23650.273263125957
2025-03-06,23436.539370139664
2025-03-07,23450.60792026524
2025-03-10,23579.221732186394
2025-03-11,23607.654595387423
2025-03-12,23606.88139317403
2025-03-13,23888.300493371364
2025-03-14,23874.762852141663
2025-03-17,24088.62487596564
2025-03-18,24194.376263435457
2025-03-19,24385.27520733802
2025-03-20,24519.112327821844
2025-03-21,24465.029456407476
2025-03-24,24423.395318588315
2025-03-25,24524.165221081177
2025-03-26,24861.32490893624
2025-03-27,24695.698585106657
2025-03-28,25173.380898999476
2025-03-31,24836.602555496676
2025-04-01,24446.294021397494
2025-04-02,24763.05654211067
2025-04-03,25015.860555741878
2025-04-04,25115.846118480054
2025-04-07,25392.08747584559
2025-04-08,25526.26929151109
2025-04-09,25291.316341226568
2025-04-10,25369.80118545485
2025-04-11,25438.111867829743
2025-04-14,25596.589823018356
2025-04-15,25758.787365661057
2025-04-16,25300.84785087943
2025-04-17,25305.632491197754
2025-04-18,25502.69854199994
2025-04-21,25422.15211491861
2025-04-22,25308.509501505076
2025-04-23,25175.01417944124
2025-04-24,25241.732333822147
2025-04-25,25298.824681114707
2025-04-28,25397.250542095157
2025-04-29,25434.080540162104
2025-04-30,25018.604886361965
2025-05-01,24754.455818053764
2025-05-02,24717.883460246485
2025-05-05,24703.776630628356
2025-05-06,24724.077412411127
2025-05-07,25086.707540517924
2025-05-08,25343.106423842353
2025-05-09,25462.048969107334
2025-05-12,25399.14345528656
2025-05-13,25285.245168195972
2025-05-14,25390.26263445039
2025-05-15,25174.44550783321
2025-05-16,25227.37588975632
2025-05-19,25199.86042887323
2025-05-20,25423.016700097825
2025-05-21,25831.524942269665
2025-05-22,25770.739274634274
2025-05-23,25774.797605414744
2025-05-26,25865.35395042693
2025-05-27,25773.14375356867
2025-05-28,25860.697329580973
2025-05-29,26003.41692304488
2025-05-30,26227.51523121295
2025-06-02,26257.10133705165
2025-06-03,26378.738469074942
2025-06-04,26497.75547082694
2025-06-05,26509.637165695567
2025-06-06,26641.387558388833
2025-06-09,27180.664883109435
2025-06-10,27284.858980723235
2025-06-11,27417.408497251457
2025-06-12,27432.64598578873
2025-06-13,27870.38648596844
2025-06-16,27735.921236005808
2025-06-17,27720.14293606334
2025-06-18,27648.78417271319
2025-06-19,27257.93096153289
2025-06-20,27102.508583858784
2025-06-23,27068.606529305063
2025-06-24,27073.34436525812
2025-06-25,27202.596426590153
2025-06-26,27883.48159636136
2025-06-27,28062.228117217142
2025-06-30,28045.15714847692
2025-07-01,27887.683774718298
2025-07-02,27916.503121895144
2025-07-03,27642.905631337268
2025-07-04,28041.099142170046
2025-07-07,28147.216164533565
2025-07-08,28143.468687114448
2025-07-09,27794.3073093445
2025-07-10,28190.154638240016
2025-07-11,28083.437211202563
2025-07-14,28249.938812675784
2025-07-15,28118.681739923908
2025-07-16,27761.660884575118
2025-07-17,27749.099926837967
2025-07-18,27962.660384273106
2025-07-21,27794.567594611963
2025-07-22,28023.546261604286
2025-07-23,27717.427897430818
2025-07-24,27969.551356729145
2025-07-25,27833.344953864358
2025-07-28,27578.032297077767
2025-07-29,27815.46113801741
2025-07-30,27605.186164735143
2025-07-31,27238.185363180764
2025-08-01,27559.384577964156
2025-08-04,27540.782185075866
2025-08-05,27482.192658595195
2025-08-06,27805.183074045144
2025-08-07,27876.28813511071
2025-08-08,28424.004295472434
2025-08-11,28466.696165118257
2025-08-12,28861.96021936342
2025-08-13,29290.250383477764
2025-08-14,29002.862249877275
2025-08-15,29320.94910475452
2025-08-18,29615.76645600685
2025-08-19,29847.03912533104
2025-08-20,29788.70887684284
2025-08-21,30061.073976051382
2025-08-22,30339.306954198288
2025-08-25,30335.890623895353
2025-08-26,30018.377743407793
2025-08-27,29597.808201091117
2025-08-28,29504.34148566299
2025-08-29,29599.704014533723
2025-09-01,29992.83168236284
2025-09-02,30055.05081338418
2025-09-03,30559.3998498233
2025-09-04,30458.28261542171
2025-09-05,30103.17931829986
2025-09-08,30397.191109114556
2025-09-09,30440.35367859352
2025-09-10,30849.561974410426
2025-09-11,30402.30232026819
2025-09-12,30445.128045609454
2025-09-15,30000.78716434139
2025-09-16,30207.513391907338
2025-09-17,30206.6713378939
2025-09-18,30157.6359702434
2025-09-19,30211.230725001085
2025-09-22,29964.96183802207
2025-09-23,29815.66868970261
2025-09-24,29728.448128939024
2025-09-25,29465.946488797832
2025-09-26,29600.133832496835
2025-09-29,29455.80412047339
2025-09-30,29213.042424126234
2025-10-01,29278.304770821152
2025-10-02,29174.97257331555
2025-10-03,28931.418631537337
2025-10-06,28668.30521756388
2025-10-07,29031.867596581767
2025-10-08,28879.091993331916
2025-10-09,28915.914822482282
2025-10-10,29110.228320510498
2025-10-13,29247.651796923135
2025-10-14,29391.951916352915
2025-10-15,29350.803828542703
2025-10-16,29247.15131743276
2025-10-17,29231.369711116644
2025-10-20,29131.534388769665
2025-10-21,29132.1696662131
2025-10-22,29133.05795982625
2025-10-23,29104.152848597972
2025-10-24,29618.04497285597
2025-10-27,30083.61660190453
2025-10-28,30241.522489727184
2025-10-29,30501.452043548823
2025-10-30,30815.440124590543
2025-10-31,31274.834668778953
2025-11-03,31413.007823546683
2025-11-04,31367.821275480914
2025-11-05,31238.104252639503
2025-11-06,31360.009228764065
2025-11-07,31161.99211030677
2025-11-10,31223.16695511737
2025-11-11,30653.56621287314
2025-11-12,30553.93018265795
2025-11-13,30489.843060129497
2025-11-14,30974.913185617646
2025-11-17,30922.495354212406
2025-11-18,30937.73438877964
2025-11-19,31431.99821246833
2025-11-20,31290.95532356865
2025-11-21,31245.39163490002
2025-11-24,31601.523551403
2025-11-25,31695.559500087
2025-11-26,31828.00890380505
2025-11-27,31907.35987402678
2025-11-28,31425.29304090103
2025-12-01,31364.897599455806
2025-12-02,31728.942012907166
2025-12-03,32319.2946199286
2025-12-04,31992.14575922666
2025-12-05,32110.728188596146
2025-12-08,32133.814137412286
2025-12-09,32194.010045030038
2025-12-10,31879.710287843478
2025-12-11,31637.773421323094
2025-12-12,31678.120276766895
2025-12-15,31474.70379421375
2025-12-16,31817.231444819532
2025-12-17,32073.602661771252
2025-12-18,31804.50584121752
2025-12-19,31607.989938397368
2025-12-22,31835.991108279984
2025-12-23,32256.503073782485
2025-12-24,32284.944287221442
2025-12-25,32042.24036048774
2025-12-26,32392.06582732458
2025-12-29,32408.069688915646
2025-12-30,32180.819222413098
2025-12-31,32550.634768782747
2026-01-01,32390.345508950006
2026-01-02,32454.030147641643
